"Afghanistan, Fixed - Other",93,93,0.18,0.18,No Change,2024-03-05,1,1
"Afghanistan, Mobile - AT",93,9375,0.1585,0.1585,No Change,2024-03-05,1,1
"Afghanistan, Mobile - AWCC",93,9370,0.127,0.1255,Decrease,2024-06-24,1,1
"Afghanistan, Mobile - AWCC",93,9371,0.127,0.1255,Decrease,2024-06-24,1,1
"Afghanistan, Mobile - Etisalat",93,9373,0.149,0.1425,Decrease,2024-06-24,1,1
"Afghanistan, Mobile - Etisalat",93,9378,0.149,0.1425,Decrease,2024-06-24,1,1
"Afghanistan, Mobile - MTN",93,9376,0.125,0.125,No Change,2024-03-25,1,1
"Afghanistan, Mobile - MTN",93,9377,0.125,0.125,No Change,2024-03-25,1,1
"Afghanistan, Mobile - Other Carriers",93,937,0.171,0.171,No Change,2024-03-05,1,1
"Afghanistan, Mobile - Roshan",93,9372,0.159,0.159,No Change,2024-03-05,1,1
"Afghanistan, Mobile - Roshan",93,9379,0.159,0.159,No Change,2024-03-05,1,1
"Afghanistan, Mobile - Salam",93,9374,0.1585,0.1585,No Change,2024-03-05,1,1
"Albania, Fixed - AMC",355,3552155,0.1275,0.1275,No Change,2024-03-05,1,1
"Albania, Fixed - AMC",355,3552185,0.1275,0.1275,No Change,2024-03-05,1,1
"Albania, Fixed - AMC",355,3552253,0.1275,0.1275,No Change,2024-03-05,1,1
"Albania, Fixed - AMC",355,3552254,0.1275,0.1275,No Change,2024-03-05,1,1
"Albania, Fixed - AMC",355,3552440,0.1275,0.1275,No Change,2024-03-05,1,1
"Albania, Fixed - AMC",355,3553270,0.1275,0.1275,No Change,2024-03-05,1,1
"Albania, Fixed - AMC",355,3553350,0.1275,0.1275,No Change,2024-03-05,1,1
"Albania, Fixed - AMC",355,3553351,0.1275,0.1275,No Change,2024-03-05,1,1
"Albania, Fixed - AMC",355,3553490,0.1275,0.1275,No Change,2024-03-05,1,1
"Albania, Fixed - AMC",355,3553491,0.1275,0.1275,No Change,2024-03-05,1,1
"Albania, Fixed - AMC",355,3553560,0.1275,0.1275,No Change,2024-03-05,1,1
"Albania, Fixed - AMC",355,3554630,0.1275,0.1275,No Change,2024-03-05,1,1
"Albania, Fixed - AMC",355,3554631,0.1275,0.1275,No Change,2024-03-05,1,1
"Albania, Fixed - AMC",355,3554632,0.1275,0.1275,No Change,2024-03-05,1,1
"Albania, Fixed - AMC",355,3554633,0.1275,0.1275,No Change,2024-03-05,1,1
"Albania, Fixed - AMC",355,3555114,0.1275,0.1275,No Change,2024-03-05,1,1
"Albania, Fixed - AMC",355,3555263,0.1275,0.1275,No Change,2024-03-05,1,1
"Albania, Fixed - AMC",355,3555264,0.1275,0.1275,No Change,2024-03-05,1,1
"Albania, Fixed - AMC",355,3555370,0.1275,0.1275,No Change,2024-03-05,1,1
"Albania, Fixed - AMC",355,3555490,0.1275,0.1275,No Change,2024-03-05,1,1
"Albania, Fixed - AMC",355,3555491,0.1275,0.1275,No Change,2024-03-05,1,1
"Albania, Fixed - AMC",355,3555540,0.1275,0.1275,No Change,2024-03-05,1,1
"Albania, Fixed - AMC",355,3558290,0.1275,0.1275,No Change,2024-03-05,1,1
"Albania, Fixed - AMC",355,3558291,0.1275,0.1275,No Change,2024-03-05,1,1
"Albania, Fixed - AMC",355,3558340,0.1275,0.1275,No Change,2024-03-05,1,1
"Albania, Fixed - AMC",355,3558460,0.1275,0.1275,No Change,2024-03-05,1,1
"Albania, Fixed - AMC",355,3558550,0.1275,0.1275,No Change,2024-03-05,1,1
"Albania, Fixed - AMC",355,35521160,0.1275,0.1275,No Change,2024-03-05,1,1
"Albania, Fixed - AMC",355,35521161,0.1275,0.1275,No Change,2024-03-05,1,1
"Albania, Fixed - AMC",355,35521250,0.1275,0.1275,No Change,2024-03-05,1,1
"Albania, Fixed - AMC",355,35521340,0.1275,0.1275,No Change,2024-03-05,1,1
"Albania, Fixed - AMC",355,35521440,0.1275,0.1275,No Change,2024-03-05,1,1
"Albania, Fixed - AMC",355,35521650,0.1275,0.1275,No Change,2024-03-05,1,1
"Albania, Fixed - AMC",355,35521651,0.1275,0.1275,No Change,2024-03-05,1,1
"Albania, Fixed - AMC",355,35521740,0.1275,0.1275,No Change,2024-03-05,1,1
"Albania, Fixed - AMC",355,35521741,0.1275,0.1275,No Change,2024-03-05,1,1
"Albania, Fixed - AMC",355,35521940,0.1275,0.1275,No Change,2024-03-05,1,1
"Albania, Fixed - AMC",355,35526160,0.1275,0.1275,No Change,2024-03-05,1,1
"Albania, Fixed - AMC",355,35526250,0.1275,0.1275,No Change,2024-03-05,1,1
"Albania, Fixed - AMC",355,35526293,0.1275,0.1275,No Change,2024-03-05,1,1
"Albania, Fixed - AMC",355,35526323,0.1275,0.1275,No Change,2024-03-05,1,1
"Albania, Fixed - AMC",355,35526350,0.1275,0.1275,No Change,2024-03-05,1,1
"Albania, Fixed - AMC",355,35526363,0.1275,0.1275,No Change,2024-03-05,1,1
"Albania, Fixed - AMC",355,35526373,0.1275,0.1275,No Change,2024-03-05,1,1
"Albania, Fixed - AMC",355,35526383,0.1275,0.1275,No Change,2024-03-05,1,1
"Albania, Fixed - AMC",355,35526450,0.1275,0.1275,No Change,2024-03-05,1,1
"Albania, Fixed - AMC",355,35526490,0.1275,0.1275,No Change,2024-03-05,1,1
"Albania, Fixed - AMC",355,35526523,0.1275,0.1275,No Change,2024-03-05,1,1
"Albania, Fixed - AMC",355,35526563,0.1275,0.1275,No Change,2024-03-05,1,1
"Albania, Fixed - AMC",355,35526650,0.1275,0.1275,No Change,2024-03-05,1,1
"Albania, Fixed - AMC",355,35526673,0.1275,0.1275,No Change,2024-03-05,1,1
"Albania, Fixed - AMC",355,35526723,0.1275,0.1275,No Change,2024-03-05,1,1
"Albania, Fixed - AMC",355,35526770,0.1275,0.1275,No Change,2024-03-05,1,1
"Albania, Fixed - AMC",355,35526840,0.1275,0.1275,No Change,2024-03-05,1,1
"Albania, Fixed - AMC",355,35526890,0.1275,0.1275,No Change,2024-03-05,1,1
"Albania, Fixed - AMC",355,35526950,0.1275,0.1275,No Change,2024-03-05,1,1
"Albania, Fixed - AMC",355,35526970,0.1275,0.1275,No Change,2024-03-05,1,1
"Albania, Fixed - AMC",355,35526990,0.1275,0.1275,No Change,2024-03-05,1,1
"Albania, Fixed - AMC",355,35527023,0.1275,0.1275,No Change,2024-03-05,1,1
"Albania, Fixed - AMC",355,35527043,0.1275,0.1275,No Change,2024-03-05,1,1
"Albania, Fixed - AMC",355,35527053,0.1275,0.1275,No Change,2024-03-05,1,1
"Albania, Fixed - AMC",355,35527070,0.1275,0.1275,No Change,2024-03-05,1,1
"Albania, Fixed - AMC",355,35527140,0.1275,0.1275,No Change,2024-03-05,1,1
"Albania, Fixed - AMC",355,35527190,0.1275,0.1275,No Change,2024-03-05,1,1
"Albania, Fixed - AMC",355,35527223,0.1275,0.1275,No Change,2024-03-05,1,1
"Albania, Fixed - AMC",355,35527253,0.1275,0.1275,No Change,2024-03-05,1,1
"Albania, Fixed - AMC",355,35527280,0.1275,0.1275,No Change,2024-03-05,1,1
"Albania, Fixed - AMC",355,35527323,0.1275,0.1275,No Change,2024-03-05,1,1
"Albania, Fixed - AMC",355,35527350,0.1275,0.1275,No Change,2024-03-05,1,1
"Albania, Fixed - AMC",355,35527370,0.1275,0.1275,No Change,2024-03-05,1,1
"Albania, Fixed - AMC",355,35527390,0.1275,0.1275,No Change,2024-03-05,1,1
"Albania, Fixed - AMC",355,35527440,0.1275,0.1275,No Change,2024-03-05,1,1
"Albania, Fixed - AMC",355,35527470,0.1275,0.1275,No Change,2024-03-05,1,1
"Albania, Fixed - AMC",355,35527490,0.1275,0.1275,No Change,2024-03-05,1,1
"Albania, Fixed - AMC",355,35527523,0.1275,0.1275,No Change,2024-03-05,1,1
"Albania, Fixed - AMC",355,35527550,0.1275,0.1275,No Change,2024-03-05,1,1
"Albania, Fixed - AMC",355,35527570,0.1275,0.1275,No Change,2024-03-05,1,1
"Albania, Fixed - AMC",355,35527590,0.1275,0.1275,No Change,2024-03-05,1,1
"Albania, Fixed - AMC",355,35527623,0.1275,0.1275,No Change,2024-03-05,1,1
"Albania, Fixed - AMC",355,35527660,0.1275,0.1275,No Change,2024-03-05,1,1
"Albania, Fixed - AMC",355,35527693,0.1275,0.1275,No Change,2024-03-05,1,1
"Albania, Fixed - AMC",355,35527723,0.1275,0.1275,No Change,2024-03-05,1,1
"Albania, Fixed - AMC",355,35527760,0.1275,0.1275,No Change,2024-03-05,1,1
"Albania, Fixed - AMC",355,35527790,0.1275,0.1275,No Change,2024-03-05,1,1
"Albania, Fixed - AMC",355,35527840,0.1275,0.1275,No Change,2024-03-05,1,1
"Albania, Fixed - AMC",355,35527860,0.1275,0.1275,No Change,2024-03-05,1,1
"Albania, Fixed - AMC",355,35527880,0.1275,0.1275,No Change,2024-03-05,1,1
"Albania, Fixed - AMC",355,35527923,0.1275,0.1275,No Change,2024-03-05,1,1
"Albania, Fixed - AMC",355,35527950,0.1275,0.1275,No Change,2024-03-05,1,1
"Albania, Fixed - AMC",355,35527970,0.1275,0.1275,No Change,2024-03-05,1,1
"Albania, Fixed - AMC",355,35527990,0.1275,0.1275,No Change,2024-03-05,1,1
"Albania, Fixed - AMC",355,35528123,0.1275,0.1275,No Change,2024-03-05,1,1
"Albania, Fixed - AMC",355,35528124,0.1275,0.1275,No Change,2024-03-05,1,1
"Albania, Fixed - AMC",355,35528143,0.1275,0.1275,No Change,2024-03-05,1,1
"Albania, Fixed - AMC",355,35528144,0.1275,0.1275,No Change,2024-03-05,1,1
"Albania, Fixed - AMC",355,35528190,0.1275,0.1275,No Change,2024-03-05,1,1
"Albania, Fixed - AMC",355,35528223,0.1275,0.1275,No Change,2024-03-05,1,1
"Albania, Fixed - AMC",355,35528250,0.1275,0.1275,No Change,2024-03-05,1,1
"Albania, Fixed - AMC",355,35528270,0.1275,0.1275,No Change,2024-03-05,1,1
"Albania, Fixed - AMC",355,35528290,0.1275,0.1275,No Change,2024-03-05,1,1
"Albania, Fixed - AMC",355,35528323,0.1275,0.1275,No Change,2024-03-05,1,1
"Albania, Fixed - AMC",355,35528350,0.1275,0.1275,No Change,2024-03-05,1,1
"Albania, Fixed - AMC",355,35528390,0.1275,0.1275,No Change,2024-03-05,1,1
"Albania, Fixed - AMC",355,35528450,0.1275,0.1275,No Change,2024-03-05,1,1
"Albania, Fixed - AMC",355,35528523,0.1275,0.1275,No Change,2024-03-05,1,1
"Albania, Fixed - AMC",355,35528570,0.1275,0.1275,No Change,2024-03-05,1,1
"Albania, Fixed - AMC",355,35528623,0.1275,0.1275,No Change,2024-03-05,1,1
"Albania, Fixed - AMC",355,35528643,0.1275,0.1275,No Change,2024-03-05,1,1
"Albania, Fixed - AMC",355,35528680,0.1275,0.1275,No Change,2024-03-05,1,1
"Albania, Fixed - AMC",355,35528763,0.1275,0.1275,No Change,2024-03-05,1,1
"Albania, Fixed - AMC",355,35528790,0.1275,0.1275,No Change,2024-03-05,1,1
"Albania, Fixed - AMC",355,35528823,0.1275,0.1275,No Change,2024-03-05,1,1
"Albania, Fixed - AMC",355,35528850,0.1275,0.1275,No Change,2024-03-05,1,1
"Albania, Fixed - AMC",355,35528870,0.1275,0.1275,No Change,2024-03-05,1,1
"Albania, Fixed - AMC",355,35528890,0.1275,0.1275,No Change,2024-03-05,1,1
"Albania, Fixed - AMC",355,35528923,0.1275,0.1275,No Change,2024-03-05,1,1
"Albania, Fixed - AMC",355,35528950,0.1275,0.1275,No Change,2024-03-05,1,1
"Albania, Fixed - AMC",355,35528970,0.1275,0.1275,No Change,2024-03-05,1,1
"Albania, Fixed - AMC",355,35528990,0.1275,0.1275,No Change,2024-03-05,1,1
"Albania, Fixed - AMC",355,35529140,0.1275,0.1275,No Change,2024-03-05,1,1
"Albania, Fixed - AMC",355,35529190,0.1275,0.1275,No Change,2024-03-05,1,1
"Albania, Fixed - AMC",355,35529240,0.1275,0.1275,No Change,2024-03-05,1,1
"Albania, Fixed - AMC",355,35529280,0.1275,0.1275,No Change,2024-03-05,1,1
"Albania, Fixed - AMC",355,35529340,0.1275,0.1275,No Change,2024-03-05,1,1
"Albania, Fixed - AMC",355,35529370,0.1275,0.1275,No Change,2024-03-05,1,1
"Albania, Fixed - AMC",355,35529390,0.1275,0.1275,No Change,2024-03-05,1,1
"Albania, Fixed - AMC",355,35529423,0.1275,0.1275,No Change,2024-03-05,1,1
"Albania, Fixed - AMC",355,35529460,0.1275,0.1275,No Change,2024-03-05,1,1
"Albania, Fixed - AMC",355,35529490,0.1275,0.1275,No Change,2024-03-05,1,1
"Albania, Fixed - AMC",355,35529523,0.1275,0.1275,No Change,2024-03-05,1,1
"Albania, Fixed - AMC",355,35529550,0.1275,0.1275,No Change,2024-03-05,1,1
"Albania, Fixed - AMC",355,35529570,0.1275,0.1275,No Change,2024-03-05,1,1
"Albania, Fixed - AMC",355,35529590,0.1275,0.1275,No Change,2024-03-05,1,1
"Albania, Fixed - AMC",355,35529623,0.1275,0.1275,No Change,2024-03-05,1,1
"Albania, Fixed - AMC",355,35529650,0.1275,0.1275,No Change,2024-03-05,1,1
"Albania, Fixed - AMC",355,35529680,0.1275,0.1275,No Change,2024-03-05,1,1
"Albania, Fixed - AMC",355,35529723,0.1275,0.1275,No Change,2024-03-05,1,1
"Albania, Fixed - AMC",355,35529750,0.1275,0.1275,No Change,2024-03-05,1,1
"Albania, Fixed - AMC",355,35529763,0.1275,0.1275,No Change,2024-03-05,1,1
"Albania, Fixed - AMC",355,35529780,0.1275,0.1275,No Change,2024-03-05,1,1
"Albania, Fixed - AMC",355,35531150,0.1275,0.1275,No Change,2024-03-05,1,1
"Albania, Fixed - AMC",355,35531151,0.1275,0.1275,No Change,2024-03-05,1,1
"Albania, Fixed - AMC",355,35531250,0.1275,0.1275,No Change,2024-03-05,1,1
"Albania, Fixed - AMC",355,35531350,0.1275,0.1275,No Change,2024-03-05,1,1
"Albania, Fixed - AMC",355,35531351,0.1275,0.1275,No Change,2024-03-05,1,1
"Albania, Fixed - AMC",355,35536023,0.1275,0.1275,No Change,2024-03-05,1,1
"Albania, Fixed - AMC",355,35536043,0.1275,0.1275,No Change,2024-03-05,1,1
"Albania, Fixed - AMC",355,35536063,0.1275,0.1275,No Change,2024-03-05,1,1
"Albania, Fixed - AMC",355,35536073,0.1275,0.1275,No Change,2024-03-05,1,1
"Albania, Fixed - AMC",355,35536090,0.1275,0.1275,No Change,2024-03-05,1,1
"Albania, Fixed - AMC",355,35536150,0.1275,0.1275,No Change,2024-03-05,1,1
"Albania, Fixed - AMC",355,35536240,0.1275,0.1275,No Change,2024-03-05,1,1
"Albania, Fixed - AMC",355,35536290,0.1275,0.1275,No Change,2024-03-05,1,1
"Albania, Fixed - AMC",355,35536340,0.1275,0.1275,No Change,2024-03-05,1,1
"Albania, Fixed - AMC",355,35536380,0.1275,0.1275,No Change,2024-03-05,1,1
"Albania, Fixed - AMC",355,35536440,0.1275,0.1275,No Change,2024-03-05,1,1
"Albania, Fixed - AMC",355,35536480,0.1275,0.1275,No Change,2024-03-05,1,1
"Albania, Fixed - AMC",355,35536540,0.1275,0.1275,No Change,2024-03-05,1,1
"Albania, Fixed - AMC",355,35536580,0.1275,0.1275,No Change,2024-03-05,1,1
"Albania, Fixed - AMC",355,35536640,0.1275,0.1275,No Change,2024-03-05,1,1
"Albania, Fixed - AMC",355,35536670,0.1275,0.1275,No Change,2024-03-05,1,1
"Albania, Fixed - AMC",355,35536740,0.1275,0.1275,No Change,2024-03-05,1,1
"Albania, Fixed - AMC",355,35536770,0.1275,0.1275,No Change,2024-03-05,1,1
"Albania, Fixed - AMC",355,35536840,0.1275,0.1275,No Change,2024-03-05,1,1
"Albania, Fixed - AMC",355,35536890,0.1275,0.1275,No Change,2024-03-05,1,1
"Albania, Fixed - AMC",355,35536923,0.1275,0.1275,No Change,2024-03-05,1,1
"Albania, Fixed - AMC",355,35536993,0.1275,0.1275,No Change,2024-03-05,1,1
"Albania, Fixed - AMC",355,35537140,0.1275,0.1275,No Change,2024-03-05,1,1
"Albania, Fixed - AMC",355,35537141,0.1275,0.1275,No Change,2024-03-05,1,1
"Albania, Fixed - AMC",355,35537223,0.1275,0.1275,No Change,2024-03-05,1,1
"Albania, Fixed - AMC",355,35537263,0.1275,0.1275,No Change,2024-03-05,1,1
"Albania, Fixed - AMC",355,35537283,0.1275,0.1275,No Change,2024-03-05,1,1
"Albania, Fixed - AMC",355,35537293,0.1275,0.1275,No Change,2024-03-05,1,1
"Albania, Fixed - AMC",355,35537340,0.1275,0.1275,No Change,2024-03-05,1,1
"Albania, Fixed - AMC",355,35537370,0.1275,0.1275,No Change,2024-03-05,1,1
"Albania, Fixed - AMC",355,35537393,0.1275,0.1275,No Change,2024-03-05,1,1
"Albania, Fixed - AMC",355,35537450,0.1275,0.1275,No Change,2024-03-05,1,1
"Albania, Fixed - AMC",355,35537490,0.1275,0.1275,No Change,2024-03-05,1,1
"Albania, Fixed - AMC",355,35537494,0.1275,0.1275,No Change,2024-03-05,1,1
"Albania, Fixed - AMC",355,35537523,0.1275,0.1275,No Change,2024-03-05,1,1
"Albania, Fixed - AMC",355,35537563,0.1275,0.1275,No Change,2024-03-05,1,1
"Albania, Fixed - AMC",355,35537590,0.1275,0.1275,No Change,2024-03-05,1,1
"Albania, Fixed - AMC",355,35537623,0.1275,0.1275,No Change,2024-03-05,1,1
"Albania, Fixed - AMC",355,35537680,0.1275,0.1275,No Change,2024-03-05,1,1
"Albania, Fixed - AMC",355,35537740,0.1275,0.1275,No Change,2024-03-05,1,1
"Albania, Fixed - AMC",355,35537773,0.1275,0.1275,No Change,2024-03-05,1,1
"Albania, Fixed - AMC",355,35537790,0.1275,0.1275,No Change,2024-03-05,1,1
"Albania, Fixed - AMC",355,35537823,0.1275,0.1275,No Change,2024-03-05,1,1
"Albania, Fixed - AMC",355,35537843,0.1275,0.1275,No Change,2024-03-05,1,1
"Albania, Fixed - AMC",355,35537853,0.1275,0.1275,No Change,2024-03-05,1,1
"Albania, Fixed - AMC",355,35537870,0.1275,0.1275,No Change,2024-03-05,1,1
"Albania, Fixed - AMC",355,35537890,0.1275,0.1275,No Change,2024-03-05,1,1
"Albania, Fixed - AMC",355,35538150,0.1275,0.1275,No Change,2024-03-05,1,1
"Albania, Fixed - AMC",355,35538151,0.1275,0.1275,No Change,2024-03-05,1,1
"Albania, Fixed - AMC",355,35538152,0.1275,0.1275,No Change,2024-03-05,1,1
"Albania, Fixed - AMC",355,35538240,0.1275,0.1275,No Change,2024-03-05,1,1
"Albania, Fixed - AMC",355,35538241,0.1275,0.1275,No Change,2024-03-05,1,1
"Albania, Fixed - AMC",355,35538350,0.1275,0.1275,No Change,2024-03-05,1,1
"Albania, Fixed - AMC",355,35538423,0.1275,0.1275,No Change,2024-03-05,1,1
"Albania, Fixed - AMC",355,35538470,0.1275,0.1275,No Change,2024-03-05,1,1
"Albania, Fixed - AMC",355,35538523,0.1275,0.1275,No Change,2024-03-05,1,1
"Albania, Fixed - AMC",355,35538593,0.1275,0.1275,No Change,2024-03-05,1,1
"Albania, Fixed - AMC",355,35538623,0.1275,0.1275,No Change,2024-03-05,1,1
"Albania, Fixed - AMC",355,35538650,0.1275,0.1275,No Change,2024-03-05,1,1
"Albania, Fixed - AMC",355,35538680,0.1275,0.1275,No Change,2024-03-05,1,1
"Albania, Fixed - AMC",355,35538693,0.1275,0.1275,No Change,2024-03-05,1,1
"Albania, Fixed - AMC",355,35538725,0.1275,0.1275,No Change,2024-03-05,1,1
"Albania, Fixed - AMC",355,35538790,0.1275,0.1275,No Change,2024-03-05,1,1
"Albania, Fixed - AMC",355,35538850,0.1275,0.1275,No Change,2024-03-05,1,1
"Albania, Fixed - AMC",355,35538923,0.1275,0.1275,No Change,2024-03-05,1,1
"Albania, Fixed - AMC",355,35538940,0.1275,0.1275,No Change,2024-03-05,1,1
"Albania, Fixed - AMC",355,35538980,0.1275,0.1275,No Change,2024-03-05,1,1
"Albania, Fixed - AMC",355,35539150,0.1275,0.1275,No Change,2024-03-05,1,1
"Albania, Fixed - AMC",355,35539151,0.1275,0.1275,No Change,2024-03-05,1,1
"Albania, Fixed - AMC",355,35539240,0.1275,0.1275,No Change,2024-03-05,1,1
"Albania, Fixed - AMC",355,35539241,0.1275,0.1275,No Change,2024-03-05,1,1
"Albania, Fixed - AMC",355,35539360,0.1275,0.1275,No Change,2024-03-05,1,1
"Albania, Fixed - AMC",355,35539361,0.1275,0.1275,No Change,2024-03-05,1,1
"Albania, Fixed - AMC",355,35539450,0.1275,0.1275,No Change,2024-03-05,1,1
"Albania, Fixed - AMC",355,35539560,0.1275,0.1275,No Change,2024-03-05,1,1
"Albania, Fixed - AMC",355,35539640,0.1275,0.1275,No Change,2024-03-05,1,1
"Albania, Fixed - AMC",355,35539690,0.1275,0.1275,No Change,2024-03-05,1,1
"Albania, Fixed - AMC",355,35539740,0.1275,0.1275,No Change,2024-03-05,1,1
"Albania, Fixed - AMC",355,35539790,0.1275,0.1275,No Change,2024-03-05,1,1
"Albania, Fixed - AMC",355,35539823,0.1275,0.1275,No Change,2024-03-05,1,1
"Albania, Fixed - AMC",355,35539850,0.1275,0.1275,No Change,2024-03-05,1,1
"Albania, Fixed - AMC",355,35539880,0.1275,0.1275,No Change,2024-03-05,1,1
"Albania, Fixed - AMC",355,35547210,0.1275,0.1275,No Change,2024-03-05,1,1
"Albania, Fixed - AMC",355,35547425,0.1275,0.1275,No Change,2024-03-05,1,1
"Albania, Fixed - AMC",355,35547550,0.1275,0.1275,No Change,2024-03-05,1,1
"Albania, Fixed - AMC",355,35547700,0.1275,0.1275,No Change,2024-03-05,1,1
"Albania, Fixed - AMC",355,35547870,0.1275,0.1275,No Change,2024-03-05,1,1
"Albania, Fixed - AMC",355,35547950,0.1275,0.1275,No Change,2024-03-05,1,1
"Albania, Fixed - AMC",355,35548270,0.1275,0.1275,No Change,2024-03-05,1,1
"Albania, Fixed - AMC",355,35548271,0.1275,0.1275,No Change,2024-03-05,1,1
"Albania, Fixed - AMC",355,35548272,0.1275,0.1275,No Change,2024-03-05,1,1
"Albania, Fixed - AMC",355,35548570,0.1275,0.1275,No Change,2024-03-05,1,1
"Albania, Fixed - AMC",355,35548660,0.1275,0.1275,No Change,2024-03-05,1,1
"Albania, Fixed - AMC",355,35548750,0.1275,0.1275,No Change,2024-03-05,1,1
"Albania, Fixed - AMC",355,35548855,0.1275,0.1275,No Change,2024-03-05,1,1
"Albania, Fixed - AMC",355,35548935,0.1275,0.1275,No Change,2024-03-05,1,1
"Albania, Fixed - AMC",355,35548936,0.1275,0.1275,No Change,2024-03-05,1,1
"Albania, Fixed - AMC",355,35549250,0.1275,0.1275,No Change,2024-03-05,1,1
"Albania, Fixed - AMC",355,35549440,0.1275,0.1275,No Change,2024-03-05,1,1
"Albania, Fixed - AMC",355,35549560,0.1275,0.1275,No Change,2024-03-05,1,1
"Albania, Fixed - AMC",355,35549730,0.1275,0.1275,No Change,2024-03-05,1,1
"Albania, Fixed - AMC",355,35549830,0.1275,0.1275,No Change,2024-03-05,1,1
"Albania, Fixed - AMC",355,35549930,0.1275,0.1275,No Change,2024-03-05,1,1
"Albania, Fixed - AMC",355,35551240,0.1275,0.1275,No Change,2024-03-05,1,1
"Albania, Fixed - AMC",355,35551241,0.1275,0.1275,No Change,2024-03-05,1,1
"Albania, Fixed - AMC",355,35551360,0.1275,0.1275,No Change,2024-03-05,1,1
"Albania, Fixed - AMC",355,35551361,0.1275,0.1275,No Change,2024-03-05,1,1
"Albania, Fixed - AMC",355,35551460,0.1275,0.1275,No Change,2024-03-05,1,1
"Albania, Fixed - AMC",355,35551461,0.1275,0.1275,No Change,2024-03-05,1,1
"Albania, Fixed - AMC",355,35556150,0.1275,0.1275,No Change,2024-03-05,1,1
"Albania, Fixed - AMC",355,35556240,0.1275,0.1275,No Change,2024-03-05,1,1
"Albania, Fixed - AMC",355,35556293,0.1275,0.1275,No Change,2024-03-05,1,1
"Albania, Fixed - AMC",355,35556340,0.1275,0.1275,No Change,2024-03-05,1,1
"Albania, Fixed - AMC",355,35556445,0.1275,0.1275,No Change,2024-03-05,1,1
"Albania, Fixed - AMC",355,35556465,0.1275,0.1275,No Change,2024-03-05,1,1
"Albania, Fixed - AMC",355,35556550,0.1275,0.1275,No Change,2024-03-05,1,1
"Albania, Fixed - AMC",355,35556583,0.1275,0.1275,No Change,2024-03-05,1,1
"Albania, Fixed - AMC",355,35557043,0.1275,0.1275,No Change,2024-03-05,1,1
"Albania, Fixed - AMC",355,35557070,0.1275,0.1275,No Change,2024-03-05,1,1
"Albania, Fixed - AMC",355,35557094,0.1275,0.1275,No Change,2024-03-05,1,1
"Albania, Fixed - AMC",355,35557180,0.1275,0.1275,No Change,2024-03-05,1,1
"Albania, Fixed - AMC",355,35557260,0.1275,0.1275,No Change,2024-03-05,1,1
"Albania, Fixed - AMC",355,35557390,0.1275,0.1275,No Change,2024-03-05,1,1
"Albania, Fixed - AMC",355,35557463,0.1275,0.1275,No Change,2024-03-05,1,1
"Albania, Fixed - AMC",355,35557464,0.1275,0.1275,No Change,2024-03-05,1,1
"Albania, Fixed - AMC",355,35557494,0.1275,0.1275,No Change,2024-03-05,1,1
"Albania, Fixed - AMC",355,35557543,0.1275,0.1275,No Change,2024-03-05,1,1
"Albania, Fixed - AMC",355,35557544,0.1275,0.1275,No Change,2024-03-05,1,1
"Albania, Fixed - AMC",355,35557584,0.1275,0.1275,No Change,2024-03-05,1,1
"Albania, Fixed - AMC",355,35557643,0.1275,0.1275,No Change,2024-03-05,1,1
"Albania, Fixed - AMC",355,35557644,0.1275,0.1275,No Change,2024-03-05,1,1
"Albania, Fixed - AMC",355,35557683,0.1275,0.1275,No Change,2024-03-05,1,1
"Albania, Fixed - AMC",355,35557770,0.1275,0.1275,No Change,2024-03-05,1,1
"Albania, Fixed - AMC",355,35557771,0.1275,0.1275,No Change,2024-03-05,1,1
"Albania, Fixed - AMC",355,35557843,0.1275,0.1275,No Change,2024-03-05,1,1
"Albania, Fixed - AMC",355,35557865,0.1275,0.1275,No Change,2024-03-05,1,1
"Albania, Fixed - AMC",355,35557943,0.1275,0.1275,No Change,2024-03-05,1,1
"Albania, Fixed - AMC",355,35557963,0.1275,0.1275,No Change,2024-03-05,1,1
"Albania, Fixed - AMC",355,35557993,0.1275,0.1275,No Change,2024-03-05,1,1
"Albania, Fixed - AMC",355,35558023,0.1275,0.1275,No Change,2024-03-05,1,1
"Albania, Fixed - AMC",355,35558073,0.1275,0.1275,No Change,2024-03-05,1,1
"Albania, Fixed - AMC",355,35558150,0.1275,0.1275,No Change,2024-03-05,1,1
"Albania, Fixed - AMC",355,35558151,0.1275,0.1275,No Change,2024-03-05,1,1
"Albania, Fixed - AMC",355,35558250,0.1275,0.1275,No Change,2024-03-05,1,1
"Albania, Fixed - AMC",355,35558323,0.1275,0.1275,No Change,2024-03-05,1,1
"Albania, Fixed - AMC",355,35558373,0.1275,0.1275,No Change,2024-03-05,1,1
"Albania, Fixed - AMC",355,35558424,0.1275,0.1275,No Change,2024-03-05,1,1
"Albania, Fixed - AMC",355,35558460,0.1275,0.1275,No Change,2024-03-05,1,1
"Albania, Fixed - AMC",355,35558484,0.1275,0.1275,No Change,2024-03-05,1,1
"Albania, Fixed - AMC",355,35558494,0.1275,0.1275,No Change,2024-03-05,1,1
"Albania, Fixed - AMC",355,35558540,0.1275,0.1275,No Change,2024-03-05,1,1
"Albania, Fixed - AMC",355,35558564,0.1275,0.1275,No Change,2024-03-05,1,1
"Albania, Fixed - AMC",355,35558580,0.1275,0.1275,No Change,2024-03-05,1,1
"Albania, Fixed - AMC",355,35558594,0.1275,0.1275,No Change,2024-03-05,1,1
"Albania, Fixed - AMC",355,35558624,0.1275,0.1275,No Change,2024-03-05,1,1
"Albania, Fixed - AMC",355,35558670,0.1275,0.1275,No Change,2024-03-05,1,1
"Albania, Fixed - AMC",355,35558693,0.1275,0.1275,No Change,2024-03-05,1,1
"Albania, Fixed - AMC",355,35558724,0.1275,0.1275,No Change,2024-03-05,1,1
"Albania, Fixed - AMC",355,35558764,0.1275,0.1275,No Change,2024-03-05,1,1
"Albania, Fixed - AMC",355,35558790,0.1275,0.1275,No Change,2024-03-05,1,1
"Albania, Fixed - AMC",355,35558824,0.1275,0.1275,No Change,2024-03-05,1,1
"Albania, Fixed - AMC",355,35558842,0.1275,0.1275,No Change,2024-03-05,1,1
"Albania, Fixed - AMC",355,35558852,0.1275,0.1275,No Change,2024-03-05,1,1
"Albania, Fixed - AMC",355,35558882,0.1275,0.1275,No Change,2024-03-05,1,1
"Albania, Fixed - AMC",355,35558924,0.1275,0.1275,No Change,2024-03-05,1,1
"Albania, Fixed - AMC",355,35558953,0.1275,0.1275,No Change,2024-03-05,1,1
"Albania, Fixed - AMC",355,35558983,0.1275,0.1275,No Change,2024-03-05,1,1
"Albania, Fixed - AMC",355,35559150,0.1275,0.1275,No Change,2024-03-05,1,1
"Albania, Fixed - AMC",355,35559240,0.1275,0.1275,No Change,2024-03-05,1,1
"Albania, Fixed - AMC",355,35559324,0.1275,0.1275,No Change,2024-03-05,1,1
"Albania, Fixed - AMC",355,35559360,0.1275,0.1275,No Change,2024-03-05,1,1
"Albania, Fixed - AMC",355,35559394,0.1275,0.1275,No Change,2024-03-05,1,1
"Albania, Fixed - AMC",355,35559424,0.1275,0.1275,No Change,2024-03-05,1,1
"Albania, Fixed - AMC",355,35559462,0.1275,0.1275,No Change,2024-03-05,1,1
"Albania, Fixed - AMC",355,35559492,0.1275,0.1275,No Change,2024-03-05,1,1
"Albania, Fixed - AMC",355,35559540,0.1275,0.1275,No Change,2024-03-05,1,1
"Albania, Fixed - AMC",355,35559572,0.1275,0.1275,No Change,2024-03-05,1,1
"Albania, Fixed - AMC",355,35559622,0.1275,0.1275,No Change,2024-03-05,1,1
"Albania, Fixed - AMC",355,35559664,0.1275,0.1275,No Change,2024-03-05,1,1
"Albania, Fixed - AMC",355,35559674,0.1275,0.1275,No Change,2024-03-05,1,1
"Albania, Fixed - AMC",355,35559684,0.1275,0.1275,No Change,2024-03-05,1,1
"Albania, Fixed - AMC",355,35559694,0.1275,0.1275,No Change,2024-03-05,1,1
"Albania, Fixed - AMC",355,35559722,0.1275,0.1275,No Change,2024-03-05,1,1
"Albania, Fixed - AMC",355,35559754,0.1275,0.1275,No Change,2024-03-05,1,1
"Albania, Fixed - AMC",355,35559770,0.1275,0.1275,No Change,2024-03-05,1,1
"Albania, Fixed - AMC",355,35559794,0.1275,0.1275,No Change,2024-03-05,1,1
"Albania, Fixed - AMC",355,35572780,0.1275,0.1275,No Change,2024-03-05,1,1
"Albania, Fixed - AMC",355,35581140,0.1275,0.1275,No Change,2024-03-05,1,1
"Albania, Fixed - AMC",355,35581141,0.1275,0.1275,No Change,2024-03-05,1,1
"Albania, Fixed - AMC",355,35581240,0.1275,0.1275,No Change,2024-03-05,1,1
"Albania, Fixed - AMC",355,35581241,0.1275,0.1275,No Change,2024-03-05,1,1
"Albania, Fixed - AMC",355,35581340,0.1275,0.1275,No Change,2024-03-05,1,1
"Albania, Fixed - AMC",355,35581341,0.1275,0.1275,No Change,2024-03-05,1,1
"Albania, Fixed - AMC",355,35581450,0.1275,0.1275,No Change,2024-03-05,1,1
"Albania, Fixed - AMC",355,35581451,0.1275,0.1275,No Change,2024-03-05,1,1
"Albania, Fixed - AMC",355,35581540,0.1275,0.1275,No Change,2024-03-05,1,1
"Albania, Fixed - AMC",355,35586022,0.1275,0.1275,No Change,2024-03-05,1,1
"Albania, Fixed - AMC",355,35586070,0.1275,0.1275,No Change,2024-03-05,1,1
"Albania, Fixed - AMC",355,35586082,0.1275,0.1275,No Change,2024-03-05,1,1
"Albania, Fixed - AMC",355,35586150,0.1275,0.1275,No Change,2024-03-05,1,1
"Albania, Fixed - AMC",355,35586260,0.1275,0.1275,No Change,2024-03-05,1,1
